station,validUTC,levelcode,pressure_mb,height_m,tmpc,dwpc,drct,speed_kts,bearing,range_sm
KBUF,2022-11-19 00:00:00,9,989.0,218.0,-0.5,-4.9,240.0,13,0.0,0.0
KBUF,2022-11-19 00:00:00,4,1000.0,131.0,M,M,M,M,M,M
KBUF,2022-11-19 00:00:00,5,978.0,307.0,-0.9,-7.9,M,M,M,M
KBUF,2022-11-19 00:00:00,6,941.5,609.0,M,M,260.0,23,69.0,0.0
KBUF,2022-11-19 00:00:00,4,925.0,750.0,-5.1,-9.7,265.0,27,73.0,0.0
KBUF,2022-11-19 00:00:00,6,905.7,914.0,M,M,260.0,27,76.0,0.0
KBUF,2022-11-19 00:00:00,5,882.0,1120.0,-8.3,-11.9,M,M,M,M
KBUF,2022-11-19 00:00:00,6,870.8,1219.0,M,M,275.0,26,80.0,1.0
KBUF,2022-11-19 00:00:00,5,857.0,1342.0,-9.9,-16.9,M,M,M,M
KBUF,2022-11-19 00:00:00,4,850.0,1407.0,-10.5,-16.5,275.0,31,82.0,1.0
KBUF,2022-11-19 00:00:00,5,841.0,1489.0,-11.1,-18.1,M,M,M,M
KBUF,2022-11-19 00:00:00,6,804.3,1828.0,M,M,265.0,33,85.0,2.0
KBUF,2022-11-19 00:00:00,5,800.0,1869.0,-14.5,-19.4,M,M,M,M
KBUF,2022-11-19 00:00:00,6,772.3,2133.0,M,M,265.0,36,85.0,2.0
KBUF,2022-11-19 00:00:00,5,758.0,2273.0,-18.5,-20.0,M,M,M,M
KBUF,2022-11-19 00:00:00,5,744.0,2411.0,-19.3,-19.4,M,M,M,M
KBUF,2022-11-19 00:00:00,6,741.3,2438.0,M,M,260.0,39,84.0,3.0
KBUF,2022-11-19 00:00:00,5,733.0,2521.0,-19.9,-20.0,M,M,M,M
KBUF,2022-11-19 00:00:00,6,711.6,2743.0,M,M,255.0,36,83.0,4.0
KBUF,2022-11-19 00:00:00,4,700.0,2866.0,-21.5,-23.9,245.0,39,82.0,4.0
KBUF,2022-11-19 00:00:00,5,698.0,2887.0,-21.7,-24.2,M,M,M,M
KBUF,2022-11-19 00:00:00,5,691.0,2961.0,-22.1,-24.1,M,M,M,M
KBUF,2022-11-19 00:00:00,5,687.0,3004.0,-22.3,-25.9,M,M,M,M
KBUF,2022-11-19 00:00:00,6,682.9,3048.0,M,M,240.0,41,80.0,4.0
KBUF,2022-11-19 00:00:00,5,671.0,3176.0,-22.9,-27.9,M,M,M,M
KBUF,2022-11-19 00:00:00,6,627.9,3657.0,M,M,260.0,40,78.0,6.0
KBUF,2022-11-19 00:00:00,5,610.0,3866.0,-27.9,-30.3,M,M,M,M
KBUF,2022-11-19 00:00:00,5,595.0,4044.0,-28.5,-32.1,M,M,M,M
KBUF,2022-11-19 00:00:00,5,593.0,4068.0,-28.3,-32.7,M,M,M,M
KBUF,2022-11-19 00:00:00,5,582.0,4202.0,-28.9,-34.9,M,M,M,M
KBUF,2022-11-19 00:00:00,6,576.7,4267.0,M,M,270.0,36,79.0,7.0
KBUF,2022-11-19 00:00:00,6,552.4,4572.0,M,M,270.0,33,80.0,7.0
KBUF,2022-11-19 00:00:00,5,548.0,4629.0,-32.1,-35.6,M,M,M,M
KBUF,2022-11-19 00:00:00,5,539.0,4745.0,-32.7,-37.7,M,M,M,M
KBUF,2022-11-19 00:00:00,5,536.0,4784.0,-33.3,-38.1,M,M,M,M
KBUF,2022-11-19 00:00:00,6,529.0,4876.0,M,M,275.0,38,81.0,8.0
KBUF,2022-11-19 00:00:00,5,523.0,4956.0,-34.5,-40.5,M,M,M,M
KBUF,2022-11-19 00:00:00,5,515.0,5063.0,-35.3,-42.3,M,M,M,M
KBUF,2022-11-19 00:00:00,4,500.0,5270.0,-37.1,-43.1,275.0,39,82.0,9.0
KBUF,2022-11-19 00:00:00,5,499.0,5284.0,-37.1,-42.1,M,M,M,M
KBUF,2022-11-19 00:00:00,5,489.0,5423.0,-38.1,-44.1,M,M,M,M
KBUF,2022-11-19 00:00:00,5,485.0,5479.0,-38.3,-45.3,M,M,M,M
KBUF,2022-11-19 00:00:00,5,483.0,5507.0,-38.3,-47.3,M,M,M,M
KBUF,2022-11-19 00:00:00,5,464.0,5781.0,-40.7,-45.4,M,M,M,M
KBUF,2022-11-19 00:00:00,5,452.0,5959.0,-41.5,-47.5,M,M,M,M
KBUF,2022-11-19 00:00:00,5,447.0,6034.0,-41.9,-46.9,M,M,M,M
KBUF,2022-11-19 00:00:00,6,442.9,6096.0,M,M,285.0,40,85.0,11.0
KBUF,2022-11-19 00:00:00,5,441.0,6126.0,-42.3,-50.3,M,M,M,M
KBUF,2022-11-19 00:00:00,5,433.0,6248.0,-43.1,-49.1,M,M,M,M
KBUF,2022-11-19 00:00:00,5,427.0,6342.0,-43.7,-50.7,M,M,M,M
KBUF,2022-11-19 00:00:00,5,422.0,6421.0,-43.9,-51.9,M,M,M,M
KBUF,2022-11-19 00:00:00,5,410.0,6613.0,-45.5,-51.5,M,M,M,M
KBUF,2022-11-19 00:00:00,6,404.5,6705.0,M,M,290.0,45,87.0,12.0
KBUF,2022-11-19 00:00:00,4,400.0,6780.0,-46.7,-53.7,290.0,43,87.0,12.0
KBUF,2022-11-19 00:00:00,5,397.0,6830.0,-47.3,-54.3,M,M,M,M
KBUF,2022-11-19 00:00:00,5,395.0,6863.0,-47.3,-56.3,M,M,M,M
KBUF,2022-11-19 00:00:00,5,394.0,6880.0,-46.9,-61.9,M,M,M,M
KBUF,2022-11-19 00:00:00,5,392.0,6914.0,-46.5,-68.5,M,M,M,M
KBUF,2022-11-19 00:00:00,5,391.0,6931.0,-46.5,-67.5,M,M,M,M
KBUF,2022-11-19 00:00:00,5,369.0,7313.0,-47.9,-64.9,M,M,M,M
KBUF,2022-11-19 00:00:00,6,352.1,7620.0,M,M,280.0,39,90.0,14.0
KBUF,2022-11-19 00:00:00,5,347.0,7715.0,-50.3,-65.3,M,M,M,M
KBUF,2022-11-19 00:00:00,5,321.0,8219.0,-53.1,-69.1,M,M,M,M
KBUF,2022-11-19 00:00:00,5,316.0,8320.0,-53.7,-66.7,M,M,M,M
KBUF,2022-11-19 00:00:00,5,314.0,8361.0,-53.7,-65.7,M,M,M,M
KBUF,2022-11-19 00:00:00,5,305.0,8547.0,-54.3,-70.3,M,M,M,M
KBUF,2022-11-19 00:00:00,4,300.0,8660.0,-54.7,-69.7,270.0,54,90.0,17.0
KBUF,2022-11-19 00:00:00,5,289.0,8898.0,-55.3,-68.3,M,M,M,M
KBUF,2022-11-19 00:00:00,5,283.0,9032.0,-54.7,-73.7,M,M,M,M
KBUF,2022-11-19 00:00:00,6,278.1,9144.0,M,M,265.0,61,90.0,18.0
KBUF,2022-11-19 00:00:00,5,258.0,9624.0,-53.3,-77.3,M,M,M,M
KBUF,2022-11-19 00:00:00,4,250.0,9830.0,-53.5,-77.5,260.0,74,89.0,21.0
KBUF,2022-11-19 00:00:00,5,246.0,9933.0,-54.1,-76.1,M,M,M,M
KBUF,2022-11-19 00:00:00,6,230.1,10363.0,M,M,265.0,82,88.0,23.0
KBUF,2022-11-19 00:00:00,5,226.0,10479.0,-51.3,-80.3,M,M,M,M
KBUF,2022-11-19 00:00:00,6,219.5,10668.0,M,M,260.0,72,88.0,24.0
KBUF,2022-11-19 00:00:00,5,209.0,10984.0,-53.1,-81.1,M,M,M,M
KBUF,2022-11-19 00:00:00,5,202.0,11203.0,-52.3,-82.3,M,M,M,M
KBUF,2022-11-19 00:00:00,4,200.0,11270.0,-52.5,-81.5,260.0,84,87.0,27.0
KBUF,2022-11-19 00:00:00,5,158.0,12783.0,-54.3,-84.3,M,M,M,M
KBUF,2022-11-19 00:00:00,6,157.6,12801.0,M,M,260.0,88,86.0,34.0
KBUF,2022-11-19 00:00:00,4,150.0,13120.0,-53.9,-84.9,255.0,76,85.0,36.0
KBUF,2022-11-19 00:00:00,5,137.0,13701.0,-53.3,-85.3,M,M,M,M
KBUF,2022-11-19 00:00:00,6,130.3,14020.0,M,M,250.0,71,84.0,39.0
KBUF,2022-11-19 00:00:00,6,107.6,15240.0,M,M,250.0,74,82.0,44.0
KBUF,2022-11-19 00:00:00,5,102.0,15579.0,-56.9,-86.9,M,M,M,M
KBUF,2022-11-19 00:00:00,4,100.0,15710.0,-56.7,-86.7,255.0,82,82.0,46.0
KBUF,2022-11-19 00:00:00,6,97.8,15849.0,M,M,255.0,82,82.0,47.0
KBUF,2022-11-19 00:00:00,5,91.2,16294.0,-55.3,-87.3,M,M,M,M
KBUF,2022-11-19 00:00:00,5,88.8,16464.0,-53.7,-86.7,M,M,M,M
KBUF,2022-11-19 00:00:00,6,73.4,17678.0,M,M,250.0,70,80.0,54.0
KBUF,2022-11-19 00:00:00,4,70.0,17980.0,-56.3,-87.3,245.0,50,80.0,55.0
KBUF,2022-11-19 00:00:00,5,69.5,18026.0,-56.7,-87.7,M,M,M,M
KBUF,2022-11-19 00:00:00,5,68.0,18163.0,-54.9,-87.9,M,M,M,M
KBUF,2022-11-19 00:00:00,6,66.7,18288.0,M,M,245.0,50,80.0,56.0
KBUF,2022-11-19 00:00:00,5,62.3,18715.0,-59.5,-88.5,M,M,M,M
KBUF,2022-11-19 00:00:00,5,60.8,18868.0,-57.7,-88.7,M,M,M,M
KBUF,2022-11-19 00:00:00,6,60.5,18897.0,M,M,225.0,54,79.0,58.0
KBUF,2022-11-19 00:00:00,5,60.1,18941.0,-58.1,-89.1,M,M,M,M
KBUF,2022-11-19 00:00:00,5,59.3,19026.0,-56.1,-88.1,M,M,M,M
KBUF,2022-11-19 00:00:00,6,57.7,19202.0,M,M,235.0,65,79.0,58.0
KBUF,2022-11-19 00:00:00,5,55.0,19505.0,-54.7,-87.7,M,M,M,M
KBUF,2022-11-19 00:00:00,6,55.0,19507.0,M,M,250.0,60,78.0,59.0
KBUF,2022-11-19 00:00:00,4,50.0,20120.0,-57.5,-88.5,240.0,67,78.0,62.0
KBUF,2022-11-19 00:00:00,5,46.4,20588.0,-59.5,-89.5,M,M,M,M
KBUF,2022-11-19 00:00:00,5,45.7,20683.0,-58.3,-89.3,M,M,M,M
KBUF,2022-11-19 00:00:00,6,45.4,20726.0,M,M,240.0,71,77.0,64.0
KBUF,2022-11-19 00:00:00,5,42.9,21079.0,-59.3,-89.3,M,M,M,M
KBUF,2022-11-19 00:00:00,5,41.8,21241.0,-58.7,-90.7,M,M,M,M
KBUF,2022-11-19 00:00:00,6,41.2,21336.0,M,M,255.0,60,77.0,66.0
KBUF,2022-11-19 00:00:00,5,40.8,21394.0,-54.3,-89.3,M,M,M,M
KBUF,2022-11-19 00:00:00,5,37.2,21980.0,-57.3,-89.3,M,M,M,M
KBUF,2022-11-19 00:00:00,5,36.6,22083.0,-56.7,-89.7,M,M,M,M
KBUF,2022-11-19 00:00:00,5,35.9,22206.0,-53.5,-88.5,M,M,M,M
KBUF,2022-11-19 00:00:00,6,35.7,22250.0,M,M,255.0,55,77.0,69.0
KBUF,2022-11-19 00:00:00,5,34.3,22499.0,-52.7,-87.7,M,M,M,M
KBUF,2022-11-19 00:00:00,6,34.0,22555.0,M,M,260.0,63,77.0,70.0
KBUF,2022-11-19 00:00:00,5,32.4,22866.0,-52.5,-87.5,M,M,M,M
KBUF,2022-11-19 00:00:00,5,31.0,23149.0,-54.7,-88.7,M,M,M,M
KBUF,2022-11-19 00:00:00,6,30.9,23164.0,M,M,275.0,40,77.0,72.0
KBUF,2022-11-19 00:00:00,4,30.0,23360.0,-54.1,-88.1,260.0,23,77.0,72.0
KBUF,2022-11-19 00:00:00,5,29.1,23555.0,-53.9,-87.9,M,M,M,M
KBUF,2022-11-19 00:00:00,6,28.1,23774.0,M,M,260.0,23,77.0,72.0
KBUF,2022-11-19 00:00:00,6,26.8,24079.0,M,M,220.0,25,77.0,73.0
KBUF,2022-11-19 00:00:00,5,26.6,24126.0,-57.9,-88.9,M,M,M,M
KBUF,2022-11-19 00:00:00,6,25.5,24384.0,M,M,220.0,26,77.0,73.0
KBUF,2022-11-19 00:00:00,5,25.5,24391.0,-57.5,-90.5,M,M,M,M
KBUF,2022-11-19 00:00:00,5,25.1,24491.0,-54.7,-89.7,M,M,M,M
KBUF,2022-11-19 00:00:00,6,23.2,24993.0,M,M,255.0,50,76.0,74.0
KBUF,2022-11-19 00:00:00,5,22.9,25074.0,-56.3,-89.3,M,M,M,M
KBUF,2022-11-19 00:00:00,4,20.0,25950.0,-54.9,-88.9,250.0,54,76.0,77.0
KBUF,2022-11-19 00:00:00,5,19.0,26278.0,-53.7,-88.7,M,M,M,M
KBUF,2022-11-19 00:00:00,6,18.3,26517.0,M,M,245.0,59,76.0,79.0
KBUF,2022-11-19 00:00:00,5,16.6,27137.0,-56.7,-89.7,M,M,M,M
KBUF,2022-11-19 00:00:00,6,15.8,27432.0,M,M,255.0,53,76.0,82.0
KBUF,2022-11-19 00:00:00,5,15.2,27698.0,-53.5,-88.5,M,M,M,M
KBUF,2022-11-19 00:00:00,6,15.1,27736.0,M,M,255.0,48,76.0,83.0
KBUF,2022-11-19 00:00:00,5,14.6,27955.0,-55.5,-88.5,M,M,M,M
KBUF,2022-11-19 00:00:00,6,14.4,28041.0,M,M,260.0,59,76.0,83.0
KBUF,2022-11-19 00:00:00,5,14.3,28088.0,-53.5,-88.5,M,M,M,M
KBUF,2022-11-19 00:00:00,6,12.5,28956.0,M,M,280.0,44,76.0,86.0
KBUF,2022-11-19 00:00:00,5,12.4,28995.0,-57.3,-89.3,M,M,M,M
KBUF,2022-11-19 00:00:00,5,11.5,29473.0,-54.9,-88.9,M,M,M,M
KBUF,2022-11-19 00:00:00,6,11.3,29565.0,M,M,260.0,38,76.0,87.0
KBUF,2022-11-19 00:00:00,5,10.6,29990.0,-56.7,-89.7,M,M,M,M
KBUF,2022-11-19 00:00:00,4,10.0,30360.0,-56.3,-89.3,260.0,63,76.0,90.0
KBUF,2022-11-19 00:00:00,6,9.8,30486.0,M,M,260.0,67,76.0,90.0
KBUF,2022-11-19 00:00:00,5,9.5,30685.0,-55.7,-89.7,M,M,M,M
KBUF,2022-11-19 00:00:00,6,8.9,31095.0,M,M,265.0,75,77.0,92.0
KBUF,2022-11-19 00:00:00,5,8.5,31389.0,-56.9,-89.9,M,M,M,M
KBUF,2022-11-19 00:00:00,6,7.7,32010.0,M,M,270.0,100,77.0,97.0
KBUF,2022-11-19 00:00:00,5,7.6,32098.0,-55.7,-89.7,M,M,M,M
KBUF,2022-11-19 00:00:00,6,7.3,32314.0,M,M,270.0,89,77.0,98.0
KBUF,2022-11-19 00:00:00,5,7.2,32445.0,-51.1,-88.1,M,M,M,M
KBUF,2022-11-19 00:00:00,4,7.0,32640.0,-51.9,-87.9,270.0,100,77.0,100.0
KBUF,2022-11-19 00:00:00,6,6.7,32924.0,M,M,270.0,106,78.0,102.0
KBUF,2022-11-19 00:00:00,5,6.5,33116.0,-54.7,-88.7,M,M,M,M
KBUF,2022-11-19 00:00:00,5,6.3,33316.0,-53.5,-88.5,M,M,M,M
KBUF,2022-11-19 00:00:00,5,6.1,33522.0,-55.1,-89.1,M,M,M,M
KBUF,2022-11-19 00:00:00,5,5.8,33845.0,-52.1,-88.1,M,M,M,M
